{"flutter":{"platforms":{"android":{"default":{"projectId":"notion-f50bf","appId":"1:841760585642:android:8e32b64279251d8d3e1dd3","fileOutput":"android/app/google-services.json"}},"dart":{"lib/firebase_options.dart":{"projectId":"notion-f50bf","configurations":{"android":"1:841760585642:android:8e32b64279251d8d3e1dd3","ios":"1:841760585642:ios:1fd6e3f1317ba1dd3e1dd3","macos":"1:841760585642:ios:1fd6e3f1317ba1dd3e1dd3","web":"1:841760585642:web:1d502928a4aed20e3e1dd3","windows":"1:841760585642:web:8bd1ca95204d41dc3e1dd3"}}}}}}